{
    "correct": {
        "1": 0.9974901960784314,
        "2": 0.9998862084660901,
        "3": 0.9997378939781142,
        "4": 0.9998809098487556,
        "5": 0.999724911971831,
        "6": 0.9995534005359193,
        "7": 1,
        "8": 1,
        "d": 0.9742231991207913,
        "e": 0.8534016373821037,
        "c": 0.9998708260672996,
        "N": 0.9999398460057748,
        "f": 0.999866506474436,
        "Q": 0.9998399487836107,
        "B": 0.999624742010132,
        "O": 1,
        "-": 1,
        "x": 1,
        "R": 1,
        "b": 0.9994124066146227,
        "h": 0.9881956155143339,
        "g": 1,
        "+": 1,
        "K": 1,
        "a": 0.9982054733064154,
        "=": 1,
        "#": 0.22058823529411764
    },
    "lost": {
        "1": 0.021368178324365873,
        "3": 0.0001965537574526633,
        "4": 0.00029378929431811505,
        "5": 0.006147540983606557,
        "6": 0.0007013964165019448,
        "8": 0.0025020850708924102,
        "f": 0.012013391977942624,
        "e": 0.0013441612993559226,
        "c": 0.002548945170562395,
        "g": 0.00038022813688212925
    },
    "added": {
        "0": 0.0047694753577106515,
        "5": 0.00005501760563380282,
        "6": 0.00006379992344009187,
        "e": 0.009240197251879158,
        "d": 0.002048156659006894,
        "#": 0.029411764705882353,
        "h": 0.002529510961214165,
        "N": 0.00006015399422521656,
        "b": 0.0001678838243935197,
        "Q": 0.00008002560819462228
    },
    "changed": {
        "14": 0.00005954507562224604,
        "34": 0.00005954507562224604,
        "35": 0.00011003521126760564,
        "45": 0.00011003521126760564,
        "52": 0.0001137915339098771,
        "53": 0.00026210602188585284,
        "56": 0.0001913997703202756,
        "bh": 0.009134345137717818,
        "4d": 0.010890198821061046,
        "ce": 0.137070905347824,
        "g9": 1,
        "O0": 0.9332273449920508,
        "c0": 0.06200317965023847,
        "5d": 0.012538715156359277,
        "f1": 0.0025098039215686275,
        "f#": 0.75,
        "1e": 0.00019150667879542298,
        "8B": 0.00037525798986803426,
        "gQ": 0.00008002560819462228,
        "cd": 0.0001498651213907483,
        "ec": 0.00012917393270038107,
        "ga": 0.001009421265141319,
        "fa": 0.00011215791834903544,
        "ed": 0.00004995504046358277,
        "eh": 0.0001405283867341203,
        "1f": 0.00013349352556401014,
        "ca": 0.00033647375504710633,
        "8e": 0.000047876669698855745,
        "6b": 0.0004197095609837992,
        "fd": 0.00009991008092716555,
        "ea": 0.00022431583669807088,
        "c6": 0.0001913997703202756,
        "4a": 0.00011215791834903544,
        "4e": 0.000047876669698855745
    }
}
