{
  "correct": {
    "1": 0.997513983840895,
    "2": 1,
    "3": 0.9999354505551252,
    "4": 0.9999450307827616,
    "5": 0.9999467745369385,
    "6": 0.9996414271200621,
    "7": 1,
    "8": 1,
    "e": 0.8575777142330043,
    "d": 0.9758353083321716,
    "c": 1,
    "N": 1,
    "f": 0.9998095842589654,
    "Q": 0.9999211169835135,
    "B": 0.9996282527881041,
    "O": 1,
    "-": 1,
    "x": 1,
    "R": 1,
    "b": 0.999419183538002,
    "h": 0.9883349534786835,
    "g": 1,
    "+": 1,
    "K": 1,
    "a": 0.9987819732034104,
    "=": 1,
    "#": 0.21739130434782608
  },
  "lost": {
    "1": 0.02116966189460859,
    "3": 0.00019362333806634827,
    "4": 0.0002714146129627619,
    "5": 0.0060020876826722335,
    "6": 0.0006569909813056203,
    "8": 0.0024779735682819385,
    "f": 0.011558887847547642,
    "e": 0.001503597894962947,
    "c": 0.0025120256547300907,
    "g": 0.0003761519653940192
  },
  "added": {
    "0": 0.004702194357366771,
    "5": 0.000053225463061528635,
    "6": 0.000059762146656307895,
    "e": 0.008993635273498755,
    "d": 0.0019052929968864725,
    "#": 0.028985507246376812,
    "h": 0.0024996528259963896,
    "b": 0.00016594756057085962
  },
  "changed": {
    "14": 0.00005496921723834653,
    "53": 0.00006454944487477407,
    "56": 0.00011952429331261579,
    "bh": 0.009165393695320094,
    "4d": 0.010316464519726754,
    "ce": 0.13315192325431233,
    "g9": 1,
    "O0": 0.9278996865203761,
    "c0": 0.06739811912225706,
    "5d": 0.011849993029415865,
    "f1": 0.002486016159105034,
    "f#": 0.7536231884057971,
    "1e": 0.00018448482612305137,
    "8B": 0.0003717472118959108,
    "gQ": 0.00007888301648655044,
    "ga": 0.0009965673790277932,
    "1f": 0.0001269438273563948,
    "ca": 0.00011072970878086591,
    "4f": 0.0000634719136781974,
    "8e": 0.00004612120653076284,
    "6b": 0.000414868901427149,
    "cd": 0.00009294112179934012,
    "c6": 0.0001792864399689237,
    "4a": 0.00011072970878086591,
    "4e": 0.00004612120653076284
  }
}
